{
  "task_idx": 0,
  "agent_count": 3,
  "assignment": {
    "1": 2,
    "2": 1
  },
  "subtasks": [
    {
      "id": 1,
      "title": "Close the Curtains.",
      "robot": 2
    },
    {
      "id": 2,
      "title": "Switch off the Light.",
      "robot": 1
    }
  ],
  "robot_spawn_positions": {
    "1": [
      -3.75,
      0.9026566743850708,
      0.0
    ],
    "2": [
      -2.25,
      0.9026566743850708,
      0.5
    ],
    "3": [
      -3.25,
      0.9026566743850708,
      4.5
    ]
  }
}