{
  "task_idx": 0,
  "agent_count": 5,
  "assignment": {
    "1": 4,
    "2": 5,
    "3": 1
  },
  "subtasks": [
    {
      "id": 3,
      "title": "subtask_03_Move_the_Pencil_to_its_appropriate_position",
      "robot": 1
    },
    {
      "id": 1,
      "title": "subtask_01_Store_the_KeyChain_in_a_Suitable_Location_REPLAN",
      "robot": 4
    },
    {
      "id": 2,
      "title": "subtask_02_Clear_the_Couch_by_Storing_Other_Items_REPLAN",
      "robot": 5
    }
  ],
  "replanned": true,
  "robot_spawn_positions": {
    "1": [
      -0.75,
      0.9026566743850708,
      1.5
    ],
    "2": [
      -3.5,
      0.9026566743850708,
      5.75
    ],
    "3": [
      -3.5,
      0.9026566743850708,
      0.5
    ],
    "4": [
      -0.7567793726921082,
      0.9026566743850708,
      3.328131914138794
    ],
    "5": [
      -3.25,
      0.9026566743850708,
      4.25
    ]
  }
}