{
  "task_idx": 0,
  "agent_count": 4,
  "assignment": {
    "1": 3,
    "2": 4,
    "3": 2,
    "4": 1
  },
  "subtasks": [
    {
      "id": 1,
      "title": "subtask_01_Put_the_Fork_in_Drawer1",
      "robot": 3
    },
    {
      "id": 2,
      "title": "subtask_02_Put_the_Spoon_in_Drawer1",
      "robot": 4
    },
    {
      "id": 3,
      "title": "subtask_03_Put_the_ButterKnife_in_Drawer2",
      "robot": 2
    },
    {
      "id": 4,
      "title": "subtask_04_Place_the_Spatula_in_Drawer2_REPLAN",
      "robot": 1
    }
  ],
  "replanned": true,
  "robot_spawn_positions": {
    "1": [
      0.26104146242141724,
      1.123205542564392,
      1.2484290599822998
    ],
    "2": [
      -0.6358292102813721,
      1.123205542564392,
      0.0714133083820343
    ],
    "3": [
      -0.28778284788131714,
      1.123205542564392,
      2.0114452838897705
    ],
    "4": [
      -0.07976976037025452,
      1.123205542564392,
      -0.5726382732391357
    ]
  }
}