{
  "task_idx": 0,
  "agent_count": 3,
  "assignment": {
    "1": 3,
    "2": 1
  },
  "subtasks": [
    {
      "id": 1,
      "title": "Turn off the Faucet.",
      "robot": 3
    },
    {
      "id": 2,
      "title": "Turn off the Light.",
      "robot": 1
    }
  ],
  "robot_spawn_positions": {
    "1": [
      1.5,
      0.900999128818512,
      -1.75
    ],
    "2": [
      0.75,
      0.900999128818512,
      1.25
    ],
    "3": [
      -1.25,
      0.900999128818512,
      1.75
    ]
  }
}