{
  "task_idx": 0,
  "agent_count": 4,
  "assignment": {
    "1": 3,
    "2": 4
  },
  "subtasks": [
    {
      "id": 1,
      "title": "Put the Fork in Drawer5.",
      "robot": 3
    },
    {
      "id": 2,
      "title": "Put the Spoon in Drawer6.",
      "robot": 4
    }
  ],
  "robot_spawn_positions": {
    "1": [
      -0.5,
      1.123205542564392,
      2.25
    ],
    "2": [
      -1.0,
      1.123205542564392,
      -0.75
    ],
    "3": [
      0.0,
      1.123205542564392,
      0.5
    ],
    "4": [
      0.0,
      1.123205542564392,
      -2.25
    ]
  }
}