{
  "task_idx": 0,
  "agent_count": 3,
  "assignment": {
    "1": 3,
    "2": 2
  },
  "subtasks": [
    {
      "id": 1,
      "title": "Put the CreditCard in the Box.",
      "robot": 3
    },
    {
      "id": 2,
      "title": "Put the RemoteControl in the Box.",
      "robot": 2
    }
  ],
  "robot_spawn_positions": {
    "1": [
      -3.75,
      0.9026566743850708,
      4.25
    ],
    "2": [
      -4.25,
      0.9026566743850708,
      1.75
    ],
    "3": [
      -0.25,
      0.9026566743850708,
      1.75
    ]
  }
}