{
  "task_idx": 0,
  "agent_count": 3,
  "assignment": {
    "1": 1,
    "2": 2
  },
  "subtasks": [
    {
      "id": 1,
      "title": "Put the Tomato in the Fridge.",
      "robot": 1
    },
    {
      "id": 2,
      "title": "Put the Potato in the Fridge.",
      "robot": 2
    }
  ],
  "robot_spawn_positions": {
    "1": [
      -1.25,
      0.900999128818512,
      -0.5
    ],
    "2": [
      2.0,
      0.900999128818512,
      -0.25
    ],
    "3": [
      0.25,
      0.900999128818512,
      1.75
    ]
  }
}