{
  "task_idx": 0,
  "agent_count": 5,
  "assignment": {
    "1": 1,
    "2": 2,
    "3": 3,
    "4": 4
  },
  "subtasks": [
    {
      "id": 1,
      "title": "subtask_01_Store_the_Fork",
      "robot": 1
    },
    {
      "id": 2,
      "title": "subtask_02_Store_the_Spoon",
      "robot": 2
    },
    {
      "id": 3,
      "title": "subtask_03_Store_the_Knife",
      "robot": 3
    },
    {
      "id": 4,
      "title": "subtask_04_Store_the_ButterKnife_in_the_Drawer_REPLAN",
      "robot": 4
    }
  ],
  "replanned": true,
  "robot_spawn_positions": {
    "1": [
      0.003643050789833069,
      0.9009992480278015,
      -0.7735308408737183
    ],
    "2": [
      0.7112781405448914,
      0.9009992480278015,
      -0.634461522102356
    ],
    "3": [
      -0.6689082980155945,
      0.9009992480278015,
      -0.9220877885818481
    ],
    "4": [
      -0.6882659792900085,
      0.9009992480278015,
      -0.49248749017715454
    ],
    "5": [
      0.385664165019989,
      0.9009992480278015,
      -0.8651589155197144
    ]
  }
}