{
  "task_idx": 0,
  "agent_count": 4,
  "assignment": {
    "1": 3,
    "2": 2,
    "3": 1
  },
  "subtasks": [
    {
      "id": 1,
      "title": "Slice the Tomato into the Bowl.",
      "robot": 3
    },
    {
      "id": 2,
      "title": "Slice the Lettuce into the Bowl.",
      "robot": 2
    },
    {
      "id": 3,
      "title": "Clean the Cup.",
      "robot": 1
    }
  ],
  "robot_spawn_positions": {
    "1": [
      0.25,
      0.9009992480278015,
      2.75
    ],
    "2": [
      -0.75,
      0.9009992480278015,
      1.0
    ],
    "3": [
      1.0,
      0.9009992480278015,
      -0.75
    ],
    "4": [
      -2.5,
      0.9009992480278015,
      2.25
    ]
  }
}