{
  "task_idx": 0,
  "agent_count": 4,
  "assignment": {
    "1": 1,
    "2": 4
  },
  "subtasks": [
    {
      "id": 1,
      "title": "Put the Fork in Drawer1.",
      "robot": 1
    },
    {
      "id": 2,
      "title": "Put the Spoon in Drawer1.",
      "robot": 4
    }
  ],
  "robot_spawn_positions": {
    "1": [
      -1.0,
      1.123205542564392,
      -1.75
    ],
    "2": [
      -0.75,
      1.123205542564392,
      0.5
    ],
    "3": [
      0.0,
      1.123205542564392,
      2.0
    ],
    "4": [
      0.75,
      1.123205542564392,
      -0.25
    ]
  }
}