{
  "task_idx": 0,
  "agent_count": 5,
  "assignment": {
    "1": 1,
    "2": 2,
    "3": 3,
    "4": 4
  },
  "subtasks": [
    {
      "id": 1,
      "title": "Store the Fork.",
      "robot": 1
    },
    {
      "id": 2,
      "title": "Store the Spoon.",
      "robot": 2
    },
    {
      "id": 3,
      "title": "Store the Knife.",
      "robot": 3
    },
    {
      "id": 4,
      "title": "Store the ButterKnife.",
      "robot": 4
    }
  ],
  "robot_spawn_positions": {
    "1": [
      -1.0,
      0.9009992480278015,
      2.25
    ],
    "2": [
      0.75,
      0.9009992480278015,
      2.5
    ],
    "3": [
      -1.0,
      0.9009992480278015,
      -0.25
    ],
    "4": [
      -2.5,
      0.9009992480278015,
      2.75
    ],
    "5": [
      1.0,
      0.9009992480278015,
      -0.5
    ]
  }
}