{
  "task_idx": 0,
  "agent_count": 3,
  "assignment": {
    "1": 3,
    "2": 2
  },
  "subtasks": [
    {
      "id": 1,
      "title": "Close the Curtains.",
      "robot": 3
    },
    {
      "id": 2,
      "title": "Switch off the Light.",
      "robot": 2
    }
  ],
  "robot_spawn_positions": {
    "1": [
      -0.5,
      0.9026566743850708,
      5.0
    ],
    "2": [
      -4.75,
      0.9026566743850708,
      2.75
    ],
    "3": [
      -0.25,
      0.9026566743850708,
      2.25
    ]
  }
}