{
  "task_idx": 0,
  "agent_count": 5,
  "assignment": {
    "1": 3,
    "2": 1,
    "3": 5,
    "4": 4
  },
  "subtasks": [
    {
      "id": 1,
      "title": "Put the Fork in a Drawer.",
      "robot": 3
    },
    {
      "id": 2,
      "title": "Put the Spoon in a Drawer.",
      "robot": 1
    },
    {
      "id": 3,
      "title": "Put the Knife in a Drawer.",
      "robot": 5
    },
    {
      "id": 4,
      "title": "Put the ButterKnife in a Drawer.",
      "robot": 4
    }
  ],
  "robot_spawn_positions": {
    "1": [
      0.75,
      0.9009992480278015,
      0.0
    ],
    "2": [
      -1.25,
      0.9009992480278015,
      2.5
    ],
    "3": [
      1.0,
      0.9009992480278015,
      1.5
    ],
    "4": [
      0.5,
      0.9009992480278015,
      3.0
    ],
    "5": [
      -0.75,
      0.9009992480278015,
      0.25
    ]
  }
}