{
  "task_idx": 0,
  "agent_count": 5,
  "assignment": {
    "1": 4,
    "2": 3,
    "3": 1
  },
  "subtasks": [
    {
      "id": 1,
      "title": "Place the Mug on the CoffeeMachine.",
      "robot": 4
    },
    {
      "id": 2,
      "title": "Place the Fork and Spoon in a Drawer.",
      "robot": 3
    },
    {
      "id": 3,
      "title": "Place the Lettuce and Tomato in the Fridge.",
      "robot": 1
    }
  ],
  "robot_spawn_positions": {
    "1": [
      -2.75,
      0.9009997844696045,
      3.25
    ],
    "2": [
      -2.0,
      0.9009996652603149,
      1.0
    ],
    "3": [
      -0.5,
      0.9009997248649597,
      1.25
    ],
    "4": [
      -1.25,
      0.9009997844696045,
      2.75
    ],
    "5": [
      -3.5,
      0.9009997248649597,
      1.25
    ]
  }
}