{
  "task_idx": 0,
  "agent_count": 4,
  "assignment": {
    "1": 3,
    "2": 3,
    "4": 2,
    "3": 2
  },
  "subtasks": [
    {
      "id": 1,
      "title": "subtask_01_Move_the_KeyChain_from_the_Sofa_to_the_SideTable",
      "robot": 3
    },
    {
      "id": 2,
      "title": "subtask_02_Move_the_Pen_from_the_Sofa_to_the_SideTable",
      "robot": 3
    },
    {
      "id": 4,
      "title": "subtask_04_Move_the_Pillow_from_the_Sofa_to_the_ArmChair",
      "robot": 2
    },
    {
      "id": 3,
      "title": "subtask_03_Move_the_Pencil_from_the_Sofa_to_the_SideTable_REPLAN",
      "robot": 2
    }
  ],
  "replanned": true,
  "robot_spawn_positions": {
    "1": [
      -0.25164103507995605,
      0.9026566743850708,
      2.0410256385803223
    ],
    "2": [
      -2.55257248878479,
      0.9026566743850708,
      2.5015318393707275
    ],
    "3": [
      -0.7670217156410217,
      0.9026566743850708,
      3.6871252059936523
    ],
    "4": [
      -4.073718547821045,
      0.9026566743850708,
      0.45988863706588745
    ]
  }
}