{
  "task_idx": 0,
  "agent_count": 4,
  "assignment": {
    "1": 3,
    "2": 4
  },
  "subtasks": [
    {
      "id": 1,
      "title": "Slice the Apple.",
      "robot": 3
    },
    {
      "id": 2,
      "title": "Wash the Cup.",
      "robot": 4
    }
  ],
  "robot_spawn_positions": {
    "1": [
      -1.75,
      0.9009992480278015,
      2.25
    ],
    "2": [
      -0.25,
      0.9009992480278015,
      1.75
    ],
    "3": [
      -0.75,
      0.9009992480278015,
      -0.25
    ],
    "4": [
      0.75,
      0.9009992480278015,
      -0.75
    ]
  }
}